<?xml version="1.0" encoding="UTF-8"?><?xml-stylesheet type='text/xsl' href='_UpgradeReport_Files/UpgradeReport.xslt'?><UpgradeLog>
<Properties><Property Name="Solution" Value="imageSlideshowEx05">
</Property><Property Name="Solution File" Value="C:\Users\Ashley\Desktop\imageSlideshowEx05\imageSlideshowEx05.sln">
</Property><Property Name="Date" Value="10 June 2009">
</Property><Property Name="Time" Value="06:16">
</Property></Properties><Event ErrorLevel="0" Project="imageSlideshowEx05" Source="imageSlideshowEx05\imageSlideshowEx05.vbproj" Description="Project converted successfully">
</Event><Event ErrorLevel="3" Project="imageSlideshowEx05" Source="imageSlideshowEx05\imageSlideshowEx05.vbproj" Description="Converted">
</Event><Event ErrorLevel="0" Project="" Source="imageSlideshowEx05.sln" Description="Solution converted successfully">
</Event><Event ErrorLevel="3" Project="" Source="imageSlideshowEx05.sln" Description="Converted">
</Event><Event ErrorLevel="0" Project="imageSlideshowEx05" Source="imageSlideshowEx05\imageSlideshowEx05.vbproj" Description="Scan complete: Upgrade not required for project files.">
</Event></UpgradeLog>